{
  "NO-REL": 0.4835507236811244,
  "effect": 1.815170216927239,
  "mechanism": 2.052827706388249,
  "advise": 2.594089015593575,
  "int": 5.4374587305843995
}